City,Cloudiness,Country,Date,Humidity,Max Temp,Wind Speed,Latitude,Longitude
Busselton,100,AU,1562767017,63,52.0,10.47,-33.64,115.35
Bontang,66,ID,1562767180,92,74.21,3.4,0.12,117.47
Bethel,1,US,1562766578,93,60.8,4.7,60.79,-161.76
Barrow,0,AR,1562766942,59,55.49,2.84,-38.31,-60.23
Castro,75,CL,1562766921,100,46.4,10.29,-42.48,-73.76
Jamestown,31,AU,1562766925,90,49.19,17.16,-33.21,138.6
Kieta,100,PG,1562767183,73,78.53,13.35,-6.22,155.63
Isangel,0,VU,1562766974,76,72.41,15.73,-19.55,169.27
Beringovskiy,0,RU,1562766970,77,51.17,2.28,63.05,179.32
Arraial do Cabo,0,BR,1562767028,56,73.4,13.87,-22.97,-42.02
Georgetown,40,GY,1562766926,83,84.2,9.17,6.8,-58.16
Mayahi,82,NE,1562767205,31,94.37,3.85,13.95,7.67
Hithadhoo,82,MV,1562766947,72,84.83,9.57,-0.6,73.08
Punta Arenas,90,CL,1562766751,100,37.0,3.36,-53.16,-70.91
Geraldton,90,CA,1562767002,88,62.6,8.05,49.72,-86.95
Rikitea,53,PF,1562767015,80,72.95,22.77,-23.12,-134.97
Dalbandin,0,PK,1562767208,6,96.71,9.06,28.9,64.41
Saskylakh,33,RU,1562766973,61,56.39,4.9,71.97,114.09
Hobart,75,AU,1562766819,54,53.6,14.99,-42.88,147.33
Puerto Ayora,75,EC,1562766908,78,71.6,11.41,-0.74,-90.35
Khatanga,7,RU,1562766920,61,55.49,3.85,71.98,102.47
Hualmay,100,PE,1562767006,82,62.69,5.82,-11.1,-77.61
Alferrarede,0,PT,1562767211,25,100.0,3.0,39.48,-8.18
Juruti,41,BR,1562767212,93,77.09,2.21,-2.16,-56.09
Kaitangata,2,NZ,1562766920,68,39.0,8.99,-46.28,169.85
Mareeba,90,AU,1562767213,83,71.6,9.17,-16.99,145.42
Bredasdorp,0,ZA,1562766912,52,69.8,5.82,-34.53,20.04
Shirokiy,18,RU,1562767214,78,63.77,8.37,53.87,39.17
Muskogee,1,US,1562767215,74,84.99,4.59,35.75,-95.37
La Ronge,20,CA,1562766652,81,53.6,5.06,55.1,-105.3
Victoria,75,BN,1562767018,78,82.4,1.12,5.28,115.24
Palmaner,100,IN,1562767216,50,81.95,11.77,13.2,78.75
Akureyri,0,IS,1562767204,67,57.2,9.17,65.68,-18.09
San Patricio,100,PY,1562766950,68,67.37,7.45,-26.98,-56.83
Sistranda,20,NO,1562767218,76,57.0,13.87,63.73,8.83
Bodegraven,90,NL,1562767218,87,69.01,3.36,52.08,4.75
Mataura,90,NZ,1562767016,92,45.95,5.75,-46.19,168.86
Ponta do Sol,0,BR,1562766902,41,70.25,1.48,-20.63,-46.0
Masuda,90,JP,1562767220,94,73.4,8.05,34.68,131.85
Kupang,0,ID,1562767220,71,76.73,16.35,-10.16,123.6
Luderitz,0,NA,1562766774,12,87.8,8.05,-26.65,15.16
Kangaatsiaq,30,GL,1562767221,92,42.35,13.33,68.31,-53.46
Vaini,75,IN,1562767026,94,71.6,9.17,15.34,74.49
Te Anau,93,NZ,1562767222,88,44.33,1.92,-45.41,167.72
Ilulissat,90,GL,1562766946,93,41.0,4.7,69.22,-51.1
Videbaek,0,DK,1562767223,45,68.0,12.75,56.09,8.63
Narsaq,40,GL,1562766975,50,55.4,12.75,60.91,-46.05
Twentynine Palms,1,US,1562767224,37,81.0,5.82,34.14,-116.05
Sitka,0,US,1562766912,86,79.0,1.01,37.17,-99.65
Lebu,20,ET,1562767025,60,68.0,8.05,8.96,38.73
Muyezerskiy,100,RU,1562767225,59,49.19,11.59,63.93,31.65
Anadyr,0,RU,1562767226,87,48.2,6.71,64.73,177.51
Dayong,20,CN,1562767226,79,84.2,2.24,25.02,118.29
Avarua,100,CK,1562766745,100,64.4,2.24,-21.21,-159.78
Iqaluit,40,CA,1562767227,81,50.0,3.36,63.75,-68.52
Hilo,1,US,1562767019,88,73.4,4.7,19.71,-155.08
Upernavik,0,GL,1562766923,81,42.71,16.44,72.79,-56.15
Yellowknife,75,CA,1562766918,87,51.8,2.24,62.45,-114.38
Codrington,0,AU,1562766960,87,52.0,8.05,-28.95,153.24
Mount Gambier,40,AU,1562767021,81,48.2,19.46,-37.83,140.78
Butaritari,100,KI,1562766900,70,83.75,1.34,3.07,172.79
Charters Towers,100,AU,1562767230,89,64.85,4.83,-20.07,146.27
Salalah,90,OM,1562767230,83,84.2,12.75,17.01,54.1
Kaeo,81,NZ,1562767231,95,55.0,9.15,-35.1,173.78
Mar del Plata,76,AR,1562766913,85,45.41,13.13,-46.43,-67.52
Silleda,0,ES,1562767232,45,86.0,2.24,42.7,-8.25
Kedainiai,75,LT,1562767232,72,64.4,9.17,55.29,23.97
Coracora,0,PE,1562767233,25,58.73,6.55,-15.02,-73.78
Aklavik,90,CA,1562767233,72,60.8,10.29,68.22,-135.01
Fairbanks,90,US,1562766769,76,66.0,1.9,64.84,-147.72
Ushuaia,0,AR,1562767020,100,35.6,3.22,-54.81,-68.31
Mahebourg,20,MU,1562766947,73,77.0,8.05,-20.41,57.7
Tasiilaq,75,GL,1562766905,75,44.6,5.82,65.61,-37.64
New Norfolk,75,AU,1562766779,54,53.6,14.99,-42.78,147.06
Qaanaaq,20,GL,1562766906,77,40.19,3.51,77.48,-69.36
Kamiiso,8,JP,1562767236,97,52.43,2.75,41.82,140.65
Namibe,40,AO,1562767237,64,75.2,11.41,-15.19,12.15
Taramangalam,100,IN,1562767237,58,82.49,7.0,11.7,77.98
Yulara,6,AU,1562766914,32,53.6,8.05,-25.24,130.99
Lavrentiya,0,RU,1562767239,61,56.21,4.63,65.58,-170.99
Cockburn Town,100,TC,1562767239,82,82.49,20.89,21.46,-71.14
College,90,US,1562767024,76,66.0,1.9,64.86,-147.8
Atuona,1,PF,1562767020,77,79.61,20.67,-9.8,-139.03
Svetlogorsk,40,RU,1562767241,60,73.4,8.95,53.14,59.15
Gemena,100,CD,1562767242,93,74.93,5.44,3.25,19.78
Cape Town,0,ZA,1562766679,59,68.0,4.7,-33.93,18.42
Aksarka,86,RU,1562767242,52,61.79,13.42,66.56,67.8
Komsomolskiy,88,RU,1562766940,72,58.55,11.95,67.55,63.78
Los Llanos de Aridane,40,ES,1562766910,65,77.0,9.17,28.66,-17.92
Kapaa,75,US,1562767023,78,80.6,11.41,22.08,-159.32
Port Elizabeth,1,US,1562766961,78,82.99,5.82,39.31,-74.98
Cherskiy,0,RU,1562766907,48,67.37,7.34,68.75,161.3
Bambanglipuro,0,ID,1562767245,81,76.55,18.66,-7.95,110.28
Cidreira,100,BR,1562766942,60,63.59,4.85,-30.17,-50.22
Bambous Virieux,20,MU,1562766962,73,77.0,8.05,-20.34,57.76
Bluff,99,AU,1562767016,81,61.43,4.5,-23.58,149.07
Fare,40,PF,1562767247,74,77.09,10.22,-16.7,-151.02
Nikolskoye,40,RU,1562766927,42,66.2,11.18,59.7,30.79
Saint-Francois,0,FR,1562767248,30,82.0,8.05,46.42,3.91
Xining,100,CN,1562767249,66,51.71,5.59,36.62,101.77
Bushehr,0,IR,1562767249,50,102.2,9.17,28.97,50.84
Saint-Philippe,1,CA,1562766941,61,77.0,5.84,45.36,-73.48
Labuhan,19,ID,1562767003,95,71.15,2.33,-2.54,115.51
Chuy,100,UY,1562766920,66,57.11,2.55,-33.69,-53.46
Los Andes,100,CL,1562767227,100,53.01,2.24,-32.83,-70.6
Mocuba,9,MZ,1562767251,81,68.27,3.96,-16.84,36.99
Dikson,100,RU,1562766944,97,31.73,9.17,73.51,80.55
Sao Filipe,1,CV,1562767019,82,73.85,19.55,14.9,-24.5
Villamontes,20,BO,1562767252,77,62.6,4.65,-21.26,-63.47
Tiznit,0,MA,1562766845,86,67.73,13.27,29.7,-9.73
Linxia,100,CN,1562767253,62,57.11,2.77,35.6,103.21
Alta Floresta,0,BR,1562767254,69,82.4,4.7,-9.87,-56.08
Kawalu,100,ID,1562767254,92,67.55,3.74,-7.38,108.21
Lopatino,18,RU,1562767255,78,63.77,8.37,53.85,39.47
Tabou,100,CI,1562766949,66,80.69,7.74,4.42,-7.36
Alofi,52,NU,1562766936,100,73.4,1.12,-19.06,-169.92
Hermanus,0,ZA,1562766930,63,68.0,1.99,-34.42,19.24
South Yuba City,1,US,1562767256,93,64.4,2.39,39.12,-121.64
Batemans Bay,0,AU,1562766913,92,55.0,10.0,-35.71,150.18
Kenda,0,DZ,1562767257,10,100.4,5.82,35.66,5.57
Fortuna,90,US,1562766977,93,63.0,9.01,40.6,-124.16
Maceio,75,BR,1562767258,74,80.6,9.17,-9.67,-35.74
Norman Wells,75,CA,1562766874,76,51.8,6.93,65.28,-126.83
Manadhoo,100,MV,1562766991,70,83.39,8.1,5.77,73.38
Whitecourt,90,CA,1562767260,93,51.8,4.7,54.14,-115.68
Kungurtug,98,RU,1562767260,48,64.85,4.07,50.6,97.53
Thompson,20,CA,1562766925,62,57.2,3.36,55.74,-97.86
Liepaja,68,LV,1562767261,77,62.6,5.82,56.52,21.02
Port Alfred,0,ZA,1562767019,79,64.0,3.0,-33.59,26.89
Changji,0,CN,1562767262,80,71.15,5.39,32.07,116.17
Monrovia,75,LR,1562766917,74,84.2,13.87,6.33,-10.8
Aykhal,40,RU,1562767104,37,71.6,2.24,65.95,111.51
Ust-Nera,100,RU,1562766982,88,54.05,3.67,64.57,143.24
Albany,1,US,1562766800,88,78.01,2.71,42.65,-73.75
Hamilton,75,CA,1562766935,73,81.0,3.36,43.26,-79.87
Amahai,100,ID,1562767265,96,80.01,12.84,-3.31,129.0
San Cristobal,85,HN,1562767265,65,76.73,6.11,14.68,-86.92
Lerwick,90,GB,1562767266,93,57.2,11.41,60.15,-1.15
Itarema,24,BR,1562767266,48,88.79,9.08,-2.92,-39.92
Waddan,0,LY,1562767267,9,104.27,7.72,29.16,16.14
Salisbury,75,GB,1562767171,56,77.0,8.05,51.07,-1.8
Kodiak,1,US,1562767024,74,84.2,9.17,39.95,-94.76
Severo-Kurilsk,42,RU,1562766925,94,43.61,16.46,50.68,156.12
Pouembout,1,NC,1562766990,70,66.83,7.56,-21.12,164.9
Port Hardy,90,CA,1562766954,100,57.2,9.17,50.7,-127.42
Hoquiam,90,US,1562767001,100,62.01,8.05,46.98,-123.89
Saldanha,0,PT,1562767025,22,90.05,2.3,41.42,-6.55
Longyearbyen,75,NO,1562766736,81,48.2,8.05,78.22,15.63
Poum,75,MK,1562767272,60,73.4,5.82,41.28,20.71
Yar-Sale,61,RU,1562767272,50,55.13,15.48,66.83,70.83
Lasa,20,CY,1562766915,66,87.8,8.05,34.92,32.53
Bartlesville,40,US,1562767212,78,86.0,4.16,36.75,-95.98
Zafra,0,ES,1562767273,23,93.99,6.93,38.43,-6.42
Grand Gaube,20,MU,1562767274,73,77.0,8.05,-20.01,57.66
Bogorodskoye,84,RU,1562767275,91,52.61,7.09,52.37,140.44
Bahia Blanca,79,AR,1562767087,60,54.05,3.29,-38.72,-62.27
Minsk,40,BY,1562766976,67,62.6,11.18,53.9,27.56
Nong Chik,0,TH,1562767276,77,84.29,7.02,6.84,101.18
Rognan,40,NO,1562767277,76,61.0,11.41,67.1,15.4
Brooks,99,CA,1562767277,72,61.0,8.99,50.57,-111.89
Klaksvik,75,FO,1562766974,87,51.8,14.99,62.23,-6.59
Vostok,0,RU,1562767279,89,63.05,2.89,46.45,135.83
Port Hawkesbury,1,CA,1562767279,68,70.0,11.41,45.62,-61.36
Hami,100,CN,1562766926,23,86.09,13.31,42.84,93.51
Longonjo,33,AO,1562767280,10,77.09,4.14,-12.91,15.25
Atambua,0,ID,1562766982,73,76.73,14.76,-9.11,124.89
Deming,90,US,1562767281,23,79.0,10.29,32.27,-107.76
Porto Belo,20,BR,1562767282,87,69.01,13.87,-27.15,-48.54
Sotouboua,39,TG,1562767282,74,82.31,4.54,8.56,0.98
Carnarvon,0,ZA,1562766948,18,67.55,10.92,-30.97,22.13
Fukue,75,JP,1562767019,78,78.01,10.29,35.03,136.69
Ouahigouya,60,BF,1562767284,40,90.23,8.23,13.58,-2.42
Takoradi,54,GH,1562767285,67,82.31,10.85,4.89,-1.75
Kendal,20,ID,1562767285,51,82.4,4.7,-6.92,110.2
Zyryanka,52,RU,1562767286,67,66.65,9.26,65.73,150.89
Mayo,40,CA,1562767286,61,50.0,0.65,63.59,-135.9
Hasilpur,0,PK,1562767287,22,106.07,9.78,29.69,72.55
Torbay,90,CA,1562766936,87,59.0,4.7,47.66,-52.73
Tuktoyaktuk,90,CA,1562766923,76,57.2,3.36,69.44,-133.03
Dunedin,0,NZ,1562766931,80,46.0,5.99,-45.87,170.5
Coxim,0,BR,1562767289,31,83.75,6.87,-18.5,-54.75
East London,20,ZA,1562766731,72,66.2,14.99,-33.02,27.91
Canchungo,75,GW,1562767290,59,89.6,9.17,12.07,-16.03
Lima,90,PE,1562766804,87,60.8,2.24,-12.06,-77.04
Uige,74,AO,1562767291,28,84.83,5.99,-7.61,15.06
Kampot,20,KH,1562767292,83,82.4,4.7,10.62,104.18
Khani,0,GE,1562767292,43,87.8,8.05,41.96,42.96
Zupanja,40,HR,1562767293,40,73.0,5.82,45.08,18.7
Talara,0,PE,1562767294,290,62.6,13.87,-4.58,-81.27
Ribeira Grande,20,PT,1562767015,78,75.2,13.87,38.52,-28.7
Manggar,0,ID,1562767295,88,75.65,4.56,-2.88,108.27
Tokur,99,RU,1562766995,95,59.99,3.58,53.13,132.9
Omboue,0,GA,1562767020,82,73.67,8.88,-1.57,9.26
Ambilobe,76,MG,1562767296,86,75.83,5.5,-13.19,49.05
Evensk,12,RU,1562766989,63,61.79,8.48,61.92,159.24
Alugan,32,PH,1562767297,94,75.47,3.15,12.22,125.48
Haines Junction,31,CA,1562767298,60,57.47,1.1,60.75,-137.51
Flin Flon,20,CA,1562767298,71,57.2,2.24,54.77,-101.88
Chunoyar,61,RU,1562767299,91,65.03,15.48,57.45,97.32
Gladstone,90,AU,1562767282,82,64.4,3.36,-23.84,151.26
Rio Claro,0,BR,1562767210,45,77.0,3.83,-22.41,-47.56
Kruisfontein,16,ZA,1562767300,88,56.21,3.85,-34.0,24.73
Nouadhibou,0,MR,1562767012,54,78.8,16.11,20.93,-17.03
Kamenka,19,MD,1562767301,60,66.99,7.0,48.03,28.7
Sijunjung,78,ID,1562767302,96,68.81,1.41,-0.69,100.95
Sola,42,TZ,1562767302,27,84.65,6.93,-3.17,33.8
Barabinsk,0,RU,1562767303,84,61.25,5.75,55.35,78.35
Diofior,0,SN,1562767303,62,84.2,13.87,14.19,-16.66
Arrifes,20,PT,1562767304,83,71.6,6.93,37.77,-25.7
Kavieng,100,PG,1562767304,69,82.67,3.62,-2.57,150.8
Yukuhashi,75,JP,1562767306,83,79.0,19.46,33.72,130.98
Toora-Khem,7,RU,1562767306,92,57.29,6.4,52.47,96.11
Port-Gentil,90,GA,1562767307,78,78.8,11.41,-0.72,8.78
Kiunga,61,PG,1562767307,98,71.15,2.77,-6.12,141.3
Saryozek,0,KZ,1562767308,34,77.45,13.42,44.36,77.98
Ayan,10,IR,1562767308,46,66.11,9.44,38.23,44.7
Steinbach,90,CA,1562767310,88,68.0,17.22,49.53,-96.69
Antalaha,70,MG,1562767310,95,67.01,1.77,-14.9,50.28
Hovd,20,NO,1562767311,72,63.0,8.05,63.83,10.7
Koslan,100,RU,1562767311,96,46.31,12.62,63.46,48.9
Saint-Louis,58,SN,1562767312,79,74.39,10.78,16.03,-16.5
La Ciotat,0,FR,1562767312,29,91.4,14.99,43.17,5.6
Maumere,29,ID,1562767313,66,72.95,6.73,-8.63,122.22
Vila Franca do Campo,20,PT,1562767313,83,71.6,6.93,37.72,-25.43
Anjiang,47,CN,1562767314,87,71.33,1.97,27.32,110.14
Namatanai,100,PG,1562767314,81,78.53,14.43,-3.66,152.44
Crib Point,100,AU,1562767315,77,51.01,34.02,-38.35,145.2
Neiafu,75,TO,1562767315,100,73.4,7.16,-18.65,-173.98
Harper,1,US,1562767316,83,81.0,4.7,30.3,-99.24
Yumen,100,CN,1562767316,18,80.87,9.64,40.29,97.04
Borovoy,100,RU,1562767317,98,55.49,4.85,63.23,52.89
Adwa,100,ET,1562767318,76,66.65,8.88,14.16,38.9
Contramaestre,75,CU,1562767318,88,82.4,3.36,20.3,-76.25
Sinj,0,HR,1562767318,44,81.0,17.22,43.7,16.64
Manoel Urbano,0,BR,1562767319,45,88.79,0.92,-8.84,-69.26
Constitucion,20,MX,1562767320,82,64.99,10.42,23.99,-104.67
Shingu,100,JP,1562767320,97,64.13,7.85,33.72,135.99
Faya,40,SA,1562767321,21,84.2,10.29,18.39,42.45
Pangkalanbuun,20,ID,1562767321,95,73.13,3.8,-2.68,111.62
Zyryanovsk,0,KZ,1562767225,81,55.31,8.7,49.74,84.27
Waslala,75,NI,1562767323,66,78.53,3.67,13.33,-85.37
Saint George,20,GR,1562767323,41,91.4,9.17,39.45,22.34
Tilichiki,55,RU,1562767324,85,50.09,1.88,60.47,166.1
Mabaruma,3,GY,1562767324,92,79.43,4.63,8.2,-59.78
Aripuana,0,BR,1562767325,43,88.43,5.46,-9.17,-60.63
Putina,0,PE,1562767325,74,33.8,2.24,-14.91,-69.87
Leningradskiy,9,RU,1562767326,72,43.79,5.21,69.38,178.42
Fort Beaufort,0,ZA,1562767326,44,64.85,6.49,-32.78,26.63
Muros,0,ES,1562767327,45,87.01,2.24,42.77,-9.06
Ballina,75,IE,1562767327,82,66.0,14.99,54.11,-9.15
Laguna,20,BZ,1562767328,88,82.4,2.37,16.17,-88.94
Ridgecrest,0,US,1562767166,34,79.0,3.24,35.62,-117.67
Pokosnoye,36,RU,1562767329,64,65.39,5.17,55.53,101.05
Jingdezhen,0,CN,1562767330,94,69.89,1.39,29.29,117.2
Rio Gallegos,40,AR,1562767237,100,33.8,1.12,-51.62,-69.22
Ugoofaaru,100,MV,1562767331,67,83.75,6.13,5.67,73.0
Broome,40,GB,1562767331,57,79.0,9.17,52.47,1.45
Kjopsvik,0,NO,1562767332,59,64.4,8.05,68.1,16.37
Kamaishi,23,JP,1562767333,93,48.47,0.72,39.28,141.86
Voskresenskoye,100,RU,1562767333,69,62.69,8.95,56.84,45.43
Dingle,91,PH,1562767334,86,74.93,2.62,11.0,122.67
Pokhara,100,NP,1562767334,92,58.19,2.26,28.21,83.99
Riyadh,0,SA,1562767230,6,109.4,12.75,24.63,46.72
Marzuq,91,YE,1562767335,20,88.61,9.01,14.4,46.47
Balurghat,100,IN,1562767336,86,82.85,6.31,25.22,88.78
Chickasha,1,US,1562767336,78,84.99,6.93,35.05,-97.94
Avera,90,US,1562767054,94,82.99,5.82,33.19,-82.53
Tarrafal,20,CV,1562767337,51,84.2,18.34,15.28,-23.77
Leshukonskoye,100,RU,1562767338,95,45.41,12.44,64.9,45.76
Faanui,56,PF,1562767338,70,76.91,8.81,-16.48,-151.75
Akdepe,0,TM,1562767339,13,102.2,11.41,42.05,59.39
Santa Rita,75,BR,1562767340,69,82.4,16.11,-7.13,-34.98
Lakes Entrance,85,AU,1562767143,47,60.01,4.0,-37.88,147.99
Okhotsk,92,RU,1562767078,92,49.01,4.54,59.36,143.24
Leticia,75,CO,1562767341,100,75.2,2.84,-4.21,-69.94
Chiclana,0,AR,1562767342,67,59.09,1.23,-35.73,-61.75
Davila,93,PH,1562767342,77,84.47,19.3,18.47,120.58
Guerrero Negro,0,MX,1562767343,84,65.57,15.23,27.97,-114.04
Ketchikan,1,US,1562767118,100,53.6,6.04,55.34,-131.65
Saint-Georges,78,CA,1562767343,59,70.0,5.21,46.12,-70.67
Verkhnyaya Inta,100,RU,1562767344,79,58.73,11.68,65.99,60.32
Ponnani,90,IN,1562767235,94,80.01,4.7,10.77,75.93
Arman,1,RU,1562767345,87,50.45,0.36,59.7,150.17
Jieshou,98,CN,1562767346,63,77.63,4.07,33.26,115.35
Carutapera,68,BR,1562767346,84,80.69,5.86,-1.2,-46.02
Northam,0,AU,1562767347,82,55.4,1.32,-31.65,116.67
Solnechnyy,100,RU,1562767347,92,65.03,2.91,50.72,136.64
Rafai,95,CF,1562767348,84,78.71,4.14,4.95,23.92
Poya,10,NC,1562767348,60,68.27,3.44,-21.35,165.16
Yarega,100,RU,1562767348,98,56.93,6.49,63.43,53.58
Richards Bay,0,ZA,1562767349,63,74.21,5.01,-28.77,32.06
Tiksi,100,RU,1562767349,62,65.03,3.6,71.64,128.87
Vardo,1,US,1562767350,65,81.0,6.93,39.62,-77.74
Krasnyy Yar,53,RU,1562767351,56,67.91,11.27,50.7,44.73
Hasaki,75,JP,1562767214,77,64.4,6.93,35.73,140.83
Erenhot,91,CN,1562767352,44,74.93,5.93,43.65,111.97
Zheshart,100,RU,1562767352,98,53.87,4.27,62.09,49.59
Henties Bay,0,NA,1562767353,64,69.01,3.0,-22.12,14.28
Bosaso,0,SO,1562767353,59,95.0,12.75,11.28,49.18
Provideniya,0,RU,1562767354,47,61.97,5.01,64.42,-173.23
Inongo,92,CD,1562767355,43,85.91,3.69,-1.93,18.29
Mae Sai,90,MM,1562767355,78,82.4,4.7,20.44,99.89
Seymchan,93,RU,1562767356,78,54.59,0.83,62.93,152.39
Qandala,22,SO,1562767356,68,88.07,4.0,11.47,49.87
Clyde River,20,CA,1562767357,66,53.6,9.17,70.47,-68.59
Airai,0,TL,1562767358,79,68.09,5.06,-8.93,125.41
Jawhar,100,IN,1562767358,90,78.35,7.45,19.91,73.23
Glens Falls,1,US,1562767214,88,78.01,1.32,43.31,-73.64
A Coruna,0,ES,1562767237,57,84.2,3.36,43.37,-8.4
Poretskoye,54,RU,1562767360,84,62.51,11.54,55.2,46.33
Vestmannaeyjar,90,IS,1562767360,93,50.0,19.46,63.44,-20.27
Rosario,75,UY,1562767361,81,51.8,4.7,-34.31,-57.35
Nizwa,100,OM,1562767361,15,95.99,6.85,22.93,57.53
Saint-Augustin,75,CA,1562767362,73,80.01,5.03,45.63,-73.98
Vila Velha,40,BR,1562767362,55,86.0,12.75,-3.71,-38.6
Yarkovo,40,RU,1562767363,56,68.0,8.95,54.81,82.6
Tarakan,33,ID,1562767275,85,78.17,7.0,3.3,117.63
Hambantota,40,LK,1562767364,83,82.4,9.17,6.12,81.12
Inhambane,0,MZ,1562767364,39,80.6,5.82,-23.87,35.38
Hokitika,98,NZ,1562767364,85,52.97,14.32,-42.72,170.96
Azare,61,NG,1562767365,35,92.21,5.17,11.67,10.19
Mindelo,0,PT,1562767366,58,91.99,9.17,41.31,-8.72
Kachiry,0,KZ,1562767366,55,68.27,5.55,53.07,76.1
Sorong,100,ID,1562767367,97,73.67,7.67,-0.86,131.25
Tarauaca,0,BR,1562767367,49,87.17,1.68,-8.16,-70.77
Mwene-Ditu,55,CD,1562767368,21,89.51,4.16,-7.01,23.45
Petropavlovsk-Kamchatskiy,94,RU,1562767368,93,53.6,2.24,53.05,158.65
Dalvik,0,SE,1562767369,48,73.99,10.29,57.79,14.13
Touros,75,BR,1562767370,87,78.8,9.17,-5.2,-35.46
Lypova Dolyna,23,UA,1562767370,73,64.67,11.34,50.56,33.8
Aginskoye,30,RU,1562767371,94,55.0,5.99,51.11,114.54
Methoni,0,GR,1562767372,16,102.2,11.41,36.82,21.7
Vysokogornyy,100,RU,1562767373,97,56.03,2.26,50.1,139.13
Adrar,0,DZ,1562767373,5,114.8,12.75,27.87,-0.29
Cayenne,75,GF,1562767374,70,86.0,4.7,4.94,-52.33
Maua,43,KE,1562767375,89,54.77,8.55,0.23,37.94
Souillac,0,FR,1562767375,26,86.0,10.29,45.6,-0.6
Lamar,90,US,1562767267,68,68.0,13.53,38.09,-102.62
Mikuni,75,JP,1562767376,83,75.2,2.24,36.22,136.15
Coffs Harbour,0,AU,1562767377,87,48.2,8.05,-30.3,153.13
Miandrivazo,0,MG,1562767378,63,68.27,3.24,-19.53,45.46
San Gabriel,20,US,1562767378,88,66.0,3.65,34.1,-118.11
Mantua,20,IT,1562767379,42,84.0,10.29,45.16,10.79
Mangotsfield,40,GB,1562767379,53,78.01,8.05,51.49,-2.5
Mugango,8,TZ,1562767380,63,76.19,10.49,-1.69,33.7
Marystown,43,CA,1562767342,68,56.21,11.92,47.17,-55.16
Serra Talhada,87,BR,1562767381,60,79.07,12.57,-7.99,-38.29
Alpena,90,US,1562767230,68,75.2,11.41,45.06,-83.43
Chokurdakh,73,RU,1562767382,74,63.05,2.75,70.62,147.9
Abalak,59,NE,1562767382,27,96.53,3.24,15.46,6.28
Emerald,40,AU,1562767383,100,62.6,1.12,-23.53,148.16
San Vicente,40,EC,1562767383,88,73.4,2.24,-0.59,-80.41
Coquimbo,20,CL,1562767384,100,44.6,4.7,-29.95,-71.34
Pong,100,CM,1562767384,98,72.05,0.27,4.23,10.63
Talnakh,40,RU,1562767385,50,55.4,11.18,69.49,88.39
Zhuhai,40,CN,1562767385,68,68.0,6.71,40.71,112.04
Trinidad,0,BO,1562767386,83,73.4,3.36,-14.83,-64.9
Champerico,40,MX,1562767387,94,69.8,2.01,16.38,-93.6
Port Moresby,90,PG,1562767387,79,76.37,24.0,-9.47,147.16
Tosya,75,TR,1562767388,39,78.8,10.29,41.02,34.04
San Pedro,100,AR,1562767388,77,57.0,1.01,-33.68,-59.66
Springbok,0,ZA,1562767389,15,82.31,7.45,-29.67,17.88
Prabumulih,1,ID,1562767389,94,74.57,3.56,-3.5,104.19
Kiama,41,AU,1562767390,53,52.0,16.11,-34.67,150.86
Dhidhdhoo,100,MV,1562767390,69,83.75,7.2,6.88,73.1
Makeni,90,SL,1562767391,86,80.69,5.64,8.88,-12.05
Novikovo,11,RU,1562767391,78,62.69,13.04,51.15,37.89
Meadow Lake,75,CA,1562767392,87,53.6,3.36,54.13,-108.44
Moissac,0,FR,1562767392,35,88.0,4.7,44.11,1.08
Teya,40,MX,1562767393,88,82.0,8.05,21.05,-89.07
Loncoche,90,CL,1562767393,100,51.8,5.82,-39.37,-72.63
Podgorenskiy,83,RU,1562767394,69,66.11,10.76,50.4,39.64
Gouyave,20,GD,1562767394,70,86.0,20.8,12.16,-61.73
Port Lincoln,11,AU,1562767395,69,56.75,30.71,-34.72,135.86
Bose,75,IT,1562767395,57,84.2,3.36,45.46,8.01
Hyeres,0,FR,1562767396,42,91.4,8.05,43.12,6.14
Sydney,0,AU,1562767203,50,53.6,14.99,-33.85,151.22
Ahuimanu,20,US,1562767397,88,78.8,3.36,21.44,-157.84
Cap Malheureux,20,MU,1562767397,73,77.0,8.05,-19.98,57.61
Conceicao do Araguaia,19,BR,1562767102,36,90.23,7.78,-8.26,-49.26
Westport,1,US,1562767398,57,84.0,3.36,41.14,-73.36
Atherton,90,AU,1562767399,83,71.6,9.17,-17.27,145.48
Turukhansk,0,RU,1562767399,63,56.03,9.93,65.8,87.96
Manta,100,RO,1562767400,53,70.97,6.38,45.1,24.1
Ofunato,82,JP,1562767400,96,52.97,1.59,39.11,141.75
Katsuura,75,JP,1562767401,83,75.2,18.34,33.93,134.5
Upornaya,38,RU,1562767402,62,69.71,10.22,44.39,41.02
Alekseyevka,40,RU,1562767402,36,75.2,13.42,53.25,50.49
Merauke,63,ID,1562767403,78,77.09,20.56,-8.49,140.4
Storforshei,0,NO,1562767403,59,66.2,5.82,66.4,14.52
Christchurch,65,NZ,1562767201,50,55.4,10.29,-43.53,172.64
Upington,0,ZA,1562767404,14,80.6,6.93,-28.46,21.24
Sao Joao da Barra,20,BR,1562767405,64,73.4,4.18,-21.64,-41.05
Maniitsoq,100,GL,1562767405,89,42.17,2.66,65.42,-52.9
Tolaga Bay,62,NZ,1562767406,90,47.03,4.12,-38.37,178.3
Buala,100,SB,1562767406,84,78.71,10.45,-8.15,159.59
Trincomalee,100,LK,1562767407,68,81.77,5.82,8.58,81.23
Tuatapere,97,NZ,1562767407,86,52.43,16.62,-46.13,167.69
Mangalore,75,IN,1562767408,94,73.4,4.7,12.87,74.84
Enshi,0,CN,1562767409,93,61.61,4.29,30.29,109.48
Pierre,1,US,1562767409,77,68.0,17.22,44.37,-100.35
Tateyama,100,JP,1562767410,91,75.0,5.06,36.66,137.31
Wattegama,100,LK,1562767410,92,74.21,3.24,7.35,80.68
Tiarei,7,PF,1562767411,83,71.6,2.24,-17.53,-149.33
Bilma,0,NE,1562767411,9,106.43,4.23,18.69,12.92
Adilcevaz,20,TR,1562767412,50,77.0,9.17,38.8,42.73
Biak,100,ID,1562767413,97,62.33,4.12,-0.91,122.88
Pahalgam,1,IN,1562767413,71,68.09,7.23,34.03,75.33
Greenville,90,US,1562767352,83,80.6,3.36,34.85,-82.4
Torrington,1,US,1562767279,77,63.0,3.36,42.06,-104.18
Viedma,28,AR,1562767415,50,56.03,6.33,-40.81,-62.99
Kapit,100,MY,1562767416,83,74.21,2.13,2.02,112.94
Puerto Baquerizo Moreno,75,EC,1562767416,83,71.6,8.05,-0.9,-89.6
Guanica,1,PR,1562767417,74,88.0,12.75,17.97,-66.91
Margate,75,AU,1562767417,58,53.6,12.75,-43.03,147.26
Opuwo,17,NA,1562766836,6,84.29,8.5,-18.06,13.84
Sinazongwe,0,ZM,1562767418,22,74.39,3.67,-17.26,27.46
Moron,100,HT,1562767419,65,83.57,3.09,18.56,-74.26
Ichnya,66,UA,1562767420,67,65.21,11.21,50.86,32.39
Knoxville,40,US,1562767421,83,82.99,4.65,35.96,-83.92
Bathsheba,75,BB,1562767173,70,86.0,20.8,13.22,-59.52
Nanortalik,55,GL,1562767323,82,41.45,4.47,60.14,-45.24
Kralendijk,40,BQ,1562767283,79,84.2,24.16,12.15,-68.27
Sarkand,0,KZ,1562767424,37,74.75,5.41,45.41,79.91
Esperance,40,AU,1562767424,93,50.0,9.17,-33.86,121.89
Pevek,8,RU,1562767425,66,48.29,12.06,69.7,170.27
Ostrovnoy,100,RU,1562767426,92,39.11,18.54,68.05,39.51
Atlantis,0,ZA,1562767426,59,68.0,4.7,-33.57,18.5
Aksu,0,KZ,1562766875,41,77.0,11.18,52.04,76.93
Payo,14,ID,1562767427,97,67.91,2.44,-3.75,103.64
Florianopolis,0,BR,1562767131,77,66.0,9.17,-27.6,-48.55
Kirakira,100,SB,1562767428,88,77.63,10.31,-10.46,161.92
Bubaque,84,GW,1562767428,81,80.51,14.5,11.28,-15.83
Cao Bang,100,VN,1562767429,99,69.53,1.57,22.67,106.25
Nuuk,90,GL,1562767429,100,42.8,10.29,64.17,-51.74
Gazimurskiy Zavod,0,RU,1562767430,66,58.55,1.01,51.55,118.33
Bermejo,0,AR,1562767430,34,76.55,2.13,-22.73,-64.34
Shelopugino,0,RU,1562767431,60,61.79,1.03,51.65,117.56
Paso de Carrasco,0,UY,1562767259,71,55.4,7.76,-34.86,-56.05
La Tuque,87,CA,1562767432,48,77.99,2.62,47.44,-72.79
Saint Anthony,1,US,1562767433,71,60.01,5.82,43.97,-111.68
Nador,20,MA,1562767227,65,82.4,9.17,35.17,-2.93
Tacoronte,40,ES,1562767434,64,75.99,19.46,28.48,-16.41
Kaliua,70,TZ,1562767434,36,83.21,4.79,-5.06,31.79
Puerto Narino,75,CO,1562766884,100,75.2,1.52,-3.77,-70.38
Antsirabe,0,MG,1562767435,53,55.13,2.28,-19.87,47.03
Miranda,0,BR,1562767436,28,84.11,2.51,-20.24,-56.38
Tautira,12,PF,1562767437,83,71.6,2.24,-17.73,-149.15
Mehamn,75,NO,1562767438,81,46.4,9.17,71.03,27.85
Teguise,40,ES,1562767438,57,78.8,17.22,29.06,-13.56
Bara,59,NG,1562767439,43,89.51,0.45,10.41,10.6
Waycross,90,US,1562767439,83,84.99,5.82,31.21,-82.35
Minab,5,IR,1562767440,56,98.6,6.93,27.15,57.07
Samarai,100,PG,1562767441,86,70.79,7.27,-10.62,150.67
Serebryansk,0,KZ,1562767442,80,58.55,5.08,49.68,83.3
Todos Santos,5,MX,1562767442,44,87.01,10.04,23.45,-110.23
Vilhena,0,BR,1562767443,57,75.2,10.29,-12.74,-60.15
Waingapu,0,ID,1562767443,86,66.65,7.7,-9.65,120.26
Male,44,UA,1562767444,75,63.77,10.85,50.74,33.7
Comodoro Rivadavia,90,AR,1562767444,93,42.8,4.7,-45.87,-67.48
Oriximina,66,BR,1562767445,71,83.21,6.93,-1.77,-55.87
Waterloo,75,SL,1562767331,78,82.4,5.82,8.34,-13.07
Atar,0,MR,1562767446,9,105.89,9.62,20.52,-13.05
Chegdomyn,100,RU,1562767447,96,63.59,2.26,51.13,133.04
Kimbe,15,PG,1562767447,85,71.87,5.12,-5.56,150.15
Avon Park,1,US,1562767249,78,84.99,6.93,27.6,-81.51
Sept-Iles,75,CA,1562767324,48,62.6,14.99,50.2,-66.38
Nyurba,66,RU,1562767448,60,65.93,3.62,63.29,118.35
Oudtshoorn,0,ZA,1562767449,63,64.4,8.05,-33.59,22.2
Nelson Bay,0,AU,1562767449,70,55.0,5.82,-32.72,152.14
Luba,79,PH,1562767450,90,76.01,3.65,17.32,120.7
Mykhaylivka,0,UA,1562767451,33,75.2,13.42,47.27,35.22
Kirovskiy,22,RU,1562767452,94,57.29,3.85,45.09,133.51
Tuy Hoa,71,VN,1562767217,68,79.61,5.35,13.08,109.3
Brae,75,GB,1562767453,87,57.2,20.8,60.4,-1.35
Adre,38,TD,1562767454,26,93.47,8.46,13.47,22.2
Luziania,0,BR,1562767370,42,68.0,12.75,-16.25,-47.95
Betlitsa,18,RU,1562767455,73,63.41,7.58,54.01,33.96
Cuiluan,6,CN,1562767456,91,63.77,1.83,47.72,128.65
Puerto Leguizamo,46,CO,1562767457,66,82.49,2.24,-0.19,-74.78
Palu,84,ID,1562767458,86,72.95,3.83,-0.9,119.87
Bonfim,0,BR,1562767459,52,66.2,8.05,-20.33,-44.24
Leeton,53,AU,1562767459,76,55.0,16.11,-34.55,146.4
Gunjur,75,GM,1562767460,66,89.6,8.05,13.18,-16.76
San Quintin,79,PH,1562767460,90,76.01,3.65,17.54,120.52
Saint-Pierre,0,FR,1562767461,31,80.01,5.82,48.95,4.24
Kattivakkam,75,IN,1562767461,62,87.8,12.75,13.22,80.32
Lata,43,IN,1562767462,98,44.69,0.96,30.78,78.62
Broken Hill,27,AU,1562767462,30,59.0,20.8,-31.97,141.45
Natal,75,BR,1562767463,72,78.8,9.17,-5.81,-35.21
Novyy Urengoy,100,RU,1562767464,47,61.07,6.15,66.08,76.63
Tabas,0,IR,1562767464,8,116.6,2.24,33.6,56.92
Alice Springs,0,AU,1562767465,32,51.8,4.7,-23.7,133.88
Wamba,96,CD,1562767466,72,81.41,1.19,2.14,27.99
Mugur-Aksy,100,RU,1562767466,96,45.41,3.56,50.38,90.44
Lorengau,100,PG,1562767337,84,78.71,6.82,-2.02,147.27
Antofagasta,75,CL,1562767205,67,66.99,5.82,-23.65,-70.4
Nioki,79,CD,1562767468,31,92.39,2.24,-2.72,17.69
Moore,1,US,1562767468,78,87.01,6.93,35.34,-97.49
Port Macquarie,0,AU,1562767469,75,44.01,3.36,-31.43,152.91
Kahului,75,US,1562767292,80,75.99,4.7,20.89,-156.47
Zalantun,100,CN,1562767470,89,61.43,4.74,48.0,122.72
Chara,20,GR,1562767471,41,91.4,9.17,39.42,22.43
Prince Rupert,75,CA,1562767312,93,55.4,2.24,54.32,-130.32
Portel,0,BR,1562767472,50,88.97,5.3,-1.94,-50.82
Altona,1,US,1562767472,78,84.0,8.05,41.11,-90.16
Topeka,75,US,1562767203,83,82.4,23.04,39.05,-95.68
Ust-Maya,85,RU,1562767473,86,63.41,3.6,60.42,134.54
Grindavik,90,IS,1562766894,76,55.4,5.82,63.84,-22.43
Lucapa,0,AO,1562767474,15,90.95,3.4,-8.42,20.74
Jalu,0,LY,1562767475,11,105.71,13.82,29.03,21.55
La Rioja,0,AR,1562767475,61,54.05,4.07,-29.41,-66.86
Tupiza,0,BO,1562767476,16,51.71,2.98,-21.44,-65.72
Bardstown,1,US,1562767477,78,87.01,4.41,37.81,-85.47
Port Blair,100,IN,1562767330,79,83.75,16.71,11.67,92.75
Baykit,100,RU,1562767478,96,57.65,1.57,61.68,96.39
Nachingwea,0,TZ,1562767478,36,79.07,4.94,-10.37,38.76
Manono,30,CD,1562767479,23,93.29,5.32,-7.3,27.4
Singaraja,0,ID,1562766888,72,79.07,6.93,-8.11,115.08
Nouakchott,67,MR,1562767480,45,87.8,17.22,18.08,-15.98
Walvis Bay,0,NA,1562767480,25,89.6,8.05,-22.95,14.51
Kroya,0,ID,1562767481,82,72.05,5.61,-6.5,108.06
Wahpeton,90,US,1562767482,88,66.2,10.29,46.27,-96.61
Sharjah,67,AE,1562767343,42,104.0,13.87,25.36,55.39
Ucluelet,90,CA,1562767329,100,60.01,19.46,48.94,-125.55
Butembo,36,CD,1562767483,92,69.89,1.3,0.12,29.29
Shannon,75,IE,1562767484,93,64.4,8.05,52.71,-8.88
Pacific Grove,90,US,1562767484,100,64.99,9.53,36.62,-121.92
Caravelas,92,BR,1562767485,67,71.69,9.86,-17.73,-39.27
Lagoa,0,PT,1562767438,73,75.99,11.41,37.14,-8.45
Thinadhoo,100,MV,1562767273,69,84.65,8.77,0.53,72.93
Marsa Matruh,0,EG,1562767376,74,86.0,9.17,31.35,27.25
Waynesboro,75,US,1562767244,83,84.0,3.78,35.32,-87.76
Santa Maria del Oro,54,MX,1562767487,55,70.43,1.3,25.95,-105.37
Maragogi,24,BR,1562767283,82,77.99,9.55,-9.01,-35.22
Kununurra,0,AU,1562767488,59,62.6,9.48,-15.77,128.74
Menomonie,1,US,1562767229,73,75.99,12.75,44.88,-91.92
Cabo San Lucas,5,MX,1562767240,44,82.99,1.16,22.89,-109.91
Basar,90,IN,1562767489,100,75.2,8.05,27.98,94.69
Amapa,20,HN,1562767490,70,88.0,9.17,15.09,-87.97
Gwadar,100,PK,1562767491,85,84.29,15.43,25.12,62.33
Farafangana,0,MG,1562767491,93,64.85,2.04,-22.82,47.83
Nevers,0,FR,1562767492,32,88.0,8.05,46.99,3.16
